{
    "type": "FeatureCollection",
    "features": [
      {
        "type": "Feature",
        "geometry": {
          "type": "Polygon",
          "coordinates": [
            [
              [109.399, -7.552],
              [109.405, -7.546],
              [109.417, -7.537],
              [109.420, -7.530],
              [109.425, -7.520],
              [109.430, -7.510],
              [109.450, -7.500],
              [109.460, -7.490],
              [109.465, -7.480],
              [109.450, -7.470],
              [109.440, -7.475],
              [109.430, -7.480],
              [109.399, -7.552]
            ]
          ]
        },
        "properties": {
          "name": "Wilayah Kendal"
        }
      }
    ]
  }
  